datetime,open,high,low,close,volume
2020-09-17 00:00:00,3.86,4.31,3.15,4.2101,1911653.36502
2020-09-18 00:00:00,4.26,8.6698,3.2935,6.9695,33210051.1528
2020-09-19 00:00:00,6.9695,7.4855,5.237,5.7302,12407869.607789
2020-09-20 00:00:00,5.715,6.0924,4.65,5.2077,8240101.786039
2020-09-21 00:00:00,5.209,5.6367,4.0111,4.2796,6393942.959587
2020-09-22 00:00:00,4.2778,4.5493,3.701,3.9126,6010281.710163
2020-09-23 00:00:00,3.9198,5.3933,3.9057,4.3683,12990410.991826
2020-09-24 00:00:00,4.374,5.2999,4.2647,5.1584,7881815.534944
2020-09-25 00:00:00,5.1584,5.5609,4.775,4.9219,6190773.397497
2020-09-26 00:00:00,4.9211,4.9899,4.5879,4.8653,3253496.189961
2020-09-27 00:00:00,4.8702,5.2111,4.7007,4.8506,2513935.287224
2020-09-28 00:00:00,4.8559,4.9462,4.1598,4.25,3882012.177204
2020-09-29 00:00:00,4.25,4.4524,4.122,4.3864,3351827.598891
2020-09-30 00:00:00,4.3864,4.3889,3.95,4.1567,2293174.170869
2020-10-01 00:00:00,4.1567,4.5176,3.9,4.2423,4540929.369988
2020-10-02 00:00:00,4.2378,4.2378,3.5777,3.8934,4375957.460596
2020-10-03 00:00:00,3.8922,4.1312,3.8312,3.9074,1774712.546717
2020-10-04 00:00:00,3.9074,3.9429,3.607,3.722,2960131.387707
2020-10-05 00:00:00,3.7271,3.7961,3.187,3.323,4588437.687001
2020-10-06 00:00:00,3.3175,3.353,2.628,2.7162,7685961.306441
2020-10-07 00:00:00,2.7148,3.0095,2.4794,2.962,8272119.293346
2020-10-08 00:00:00,2.9664,3.4676,2.6435,3.3558,7385517.002727
2020-10-09 00:00:00,3.3525,3.5998,3.175,3.3825,4343600.919879
2020-10-10 00:00:00,3.3825,3.6575,3.2729,3.296,2817946.690503
2020-10-11 00:00:00,3.2958,3.4512,3.1834,3.3633,1882781.950072
2020-10-12 00:00:00,3.3633,3.6167,3.286,3.4651,1772263.609751
2020-10-13 00:00:00,3.4642,3.499,3.2939,3.3612,944285.007201
2020-10-14 00:00:00,3.3603,3.437,2.9725,3.1114,2146854.313754
2020-10-15 00:00:00,3.1114,3.1841,2.9209,3.084,2349867.498495
2020-10-16 00:00:00,3.0837,3.3816,2.88,3.048,4030800.690074
2020-10-17 00:00:00,3.0485,3.1275,2.9804,3.0591,1178289.213335
2020-10-18 00:00:00,3.0572,3.29,3.0454,3.2884,1381248.988491
2020-10-19 00:00:00,3.2851,3.2899,3.11,3.1737,1077637.46384
2020-10-20 00:00:00,3.1717,3.1922,2.82,2.8608,2345332.199502
2020-10-21 00:00:00,2.8645,3.0931,2.8423,2.9435,2392147.514439
2020-10-22 00:00:00,2.9443,3.1538,2.9251,3.0438,1728198.175054
2020-10-23 00:00:00,3.0457,3.1256,2.9687,3.0179,1182871.146055
2020-10-24 00:00:00,3.0171,3.0872,2.93,2.9446,1303270.958384
2020-10-25 00:00:00,2.9417,2.97,2.7158,2.7793,1693471.157056
2020-10-26 00:00:00,2.7782,2.8766,2.5302,2.7159,2940886.572734
2020-10-27 00:00:00,2.718,2.9135,2.7055,2.8111,1892072.435801
2020-10-28 00:00:00,2.8054,2.8605,2.597,2.6714,1482003.808559
2020-10-29 00:00:00,2.6645,2.7405,2.4925,2.5426,1256678.267817
2020-10-30 00:00:00,2.5386,2.5652,2.2391,2.4163,3615176.243211
2020-10-31 00:00:00,2.4145,2.4157,2.2438,2.2692,1684984.012086
2020-11-01 00:00:00,2.267,2.4501,2.2177,2.3799,2104300.257708
2020-11-02 00:00:00,2.3812,2.4545,2.2258,2.2561,1512794.899665
2020-11-03 00:00:00,2.2518,2.2868,2.0563,2.1392,3299243.541598
2020-11-04 00:00:00,2.1374,2.1664,1.878,1.9336,3373260.61583
2020-11-05 00:00:00,1.9321,2.44,1.7606,2.1946,7723081.997493
2020-11-06 00:00:00,2.1949,2.6958,2.1771,2.5704,7501098.563206
2020-11-07 00:00:00,2.5743,3.0329,2.41,2.4797,10323675.512235
2020-11-08 00:00:00,2.4792,2.9209,2.4362,2.8665,3344188.738819
2020-11-09 00:00:00,2.8667,2.8807,2.5747,2.6805,3507096.679473
2020-11-10 00:00:00,2.6826,3.1772,2.6282,3.0784,3889073.002352
2020-11-11 00:00:00,3.0787,3.2206,2.886,2.9352,2941279.209144
2020-11-12 00:00:00,2.94,3.1399,2.842,2.9603,2563268.366491
2020-11-13 00:00:00,2.9622,3.9999,2.939,3.8624,6421410.074679
2020-11-14 00:00:00,3.8655,3.9735,3.5131,3.813,4891214.781021
2020-11-15 00:00:00,3.8157,4.2498,3.62,3.8497,6707344.581209
2020-11-16 00:00:00,3.8452,3.94,3.4489,3.5608,5405890.86146
2020-11-17 00:00:00,3.564,3.8666,3.4805,3.8132,5437014.32267
2020-11-18 00:00:00,3.8162,3.8533,3.2788,3.4624,4749261.201801
2020-11-19 00:00:00,3.4666,3.9163,3.231,3.7512,5123276.210027
2020-11-20 00:00:00,3.7482,4.0907,3.68,3.8619,5046910.938335
2020-11-21 00:00:00,3.8619,3.9407,3.5834,3.8341,3983775.081485
2020-11-22 00:00:00,3.8448,3.9552,3.4146,3.6819,4059552.855678
2020-11-23 00:00:00,3.6899,4.2333,3.633,4.1856,4722963.536916
2020-11-24 00:00:00,4.1914,4.4871,3.9342,4.0678,4768631.328794
2020-11-25 00:00:00,4.0686,4.204,3.5264,3.6676,4090723.652756
2020-11-26 00:00:00,3.6753,3.7702,3.1,3.435,6260376.440139
2020-11-27 00:00:00,3.435,3.538,3.1609,3.311,2867549.418889
2020-11-28 00:00:00,3.3081,3.5346,3.2578,3.4638,1967553.307781
2020-11-29 00:00:00,3.4605,3.5764,3.3651,3.5606,1009581.967483
2020-11-30 00:00:00,3.5634,3.8085,3.5366,3.7743,1804980.772576
2020-12-01 00:00:00,3.7664,3.986,3.4111,3.5541,3025587.620465
2020-12-02 00:00:00,3.5529,4.174,3.4982,3.9532,3000931.420849
2020-12-03 00:00:00,3.947,4.0263,3.8023,3.885,1742377.871678
2020-12-04 00:00:00,3.8808,3.9209,3.5,3.5232,1370089.974066
2020-12-05 00:00:00,3.52,3.698,3.45,3.6828,1202675.167239
2020-12-06 00:00:00,3.6837,3.7949,3.51,3.6534,894005.953865
2020-12-07 00:00:00,3.6534,3.878,3.564,3.7544,1448968.066042
2020-12-08 00:00:00,3.7576,3.7622,3.276,3.2977,2054518.103103
2020-12-09 00:00:00,3.2915,3.3986,3.1171,3.3577,2374531.803655
2020-12-10 00:00:00,3.3617,3.3715,3.19,3.2399,720400.916497
2020-12-11 00:00:00,3.2441,3.2489,2.9111,2.9631,2723845.080639
2020-12-12 00:00:00,2.9628,3.1861,2.9581,3.1231,1771690.225217
2020-12-13 00:00:00,3.123,3.3639,3.0726,3.3361,902807.49398
2020-12-14 00:00:00,3.3312,3.55,3.2366,3.4871,1580742.334762
2020-12-15 00:00:00,3.4869,3.518,3.3084,3.3296,1215359.624259
2020-12-16 00:00:00,3.3288,3.5436,3.2432,3.5403,1926324.216659
2020-12-17 00:00:00,3.5352,4.0,3.4387,3.6968,3340797.305379
2020-12-18 00:00:00,3.6975,3.8557,3.5466,3.7655,2474050.851394
2020-12-19 00:00:00,3.7736,4.2493,3.708,3.9606,4944046.340599
2020-12-20 00:00:00,3.96,4.0253,3.7091,3.7539,2076654.029073
2020-12-21 00:00:00,3.75,3.9242,3.4049,3.5113,2265985.239258
2020-12-22 00:00:00,3.5128,3.7733,3.2838,3.7344,2420444.990056
2020-12-23 00:00:00,3.7328,3.7745,3.02,3.3137,3477820.593135
2020-12-24 00:00:00,3.3095,3.5254,3.1615,3.5215,2306395.904412
2020-12-25 00:00:00,3.526,3.6461,3.373,3.4976,1268671.7458
2020-12-26 00:00:00,3.5006,3.5979,3.3548,3.4166,1022067.551565
2020-12-27 00:00:00,3.4172,3.7948,3.3516,3.593,2640343.209384
2020-12-28 00:00:00,3.5947,3.941,3.5664,3.7294,2482921.430934
2020-12-29 00:00:00,3.7334,3.8338,3.494,3.6786,2376428.258912
2020-12-30 00:00:00,3.6745,4.3826,3.6295,4.1497,5829889.791223
2020-12-31 00:00:00,4.1524,5.3139,3.94,5.162,10863163.759686
2021-01-01 00:00:00,5.157,5.2813,4.6207,4.7478,5919805.944551
2021-01-02 00:00:00,4.743,5.1873,4.4937,4.856,6949170.123999
2021-01-03 00:00:00,4.8535,5.65,4.6801,5.5241,7510445.799668
2021-01-04 00:00:00,5.53,6.2375,4.881,5.4248,8693660.077816
2021-01-05 00:00:00,5.4252,6.5824,5.2001,6.2715,6619984.152942
2021-01-06 00:00:00,6.2725,6.616,6.0201,6.437,4224685.052554
2021-01-07 00:00:00,6.4419,6.8341,6.02,6.2745,3893183.09304
2021-01-08 00:00:00,6.2818,6.3735,5.4802,5.8751,4076162.948205
2021-01-09 00:00:00,5.8754,6.371,5.67,6.2453,2852421.687457
2021-01-10 00:00:00,6.2453,6.5929,5.5028,5.9887,3577927.801613
2021-01-11 00:00:00,5.9988,5.9988,4.3542,5.2521,6836660.538396
2021-01-12 00:00:00,5.2497,5.8141,4.9601,5.5909,2711750.254898
2021-01-13 00:00:00,5.5956,6.3799,5.2616,6.3398,2593161.314495
2021-01-14 00:00:00,6.3402,7.1265,6.1799,6.9473,4346555.021416
2021-01-15 00:00:00,6.9418,7.4667,6.3706,7.365,5392383.679588
2021-01-16 00:00:00,7.3748,9.3595,7.188,8.3963,7177662.382577
2021-01-17 00:00:00,8.3886,9.1737,8.07,8.6782,5293882.554955
2021-01-18 00:00:00,8.6852,9.8631,8.3012,9.194,3525316.682509
2021-01-19 00:00:00,9.1953,9.67,8.4455,8.5947,3118249.126187
2021-01-20 00:00:00,8.5899,9.049,7.6331,8.9794,3228075.476266
2021-01-21 00:00:00,8.9777,9.0412,7.3143,7.5714,3754334.91068
2021-01-22 00:00:00,7.5848,9.021,7.0142,8.7075,4064438.297655
2021-01-23 00:00:00,8.704,9.5384,8.5,9.3398,2340578.605445
2021-01-24 00:00:00,9.3527,12.3195,9.1786,12.0407,6266644.583829
2021-01-25 00:00:00,12.0423,12.9637,10.879,11.3122,6637435.163113
2021-01-26 00:00:00,11.3138,14.2887,11.1638,13.9344,8177528.878174
2021-01-27 00:00:00,13.9339,15.5537,12.9957,14.7553,8552608.486616
2021-01-28 00:00:00,14.7614,15.437,13.55,14.1284,6081997.887072
2021-01-29 00:00:00,14.1564,15.79,14.1112,15.6391,5556548.510699
2021-01-30 00:00:00,15.6379,19.6838,15.1001,19.5737,8142447.112215
2021-01-31 00:00:00,19.6037,20.545,17.4278,17.733,7718729.295192
2021-02-01 00:00:00,17.7496,20.75,16.6902,20.4901,6323056.61346
2021-02-02 00:00:00,20.4901,20.5907,18.051,18.9755,4355051.035402
2021-02-03 00:00:00,18.9772,20.5,18.7109,19.7515,3499692.515006
2021-02-04 00:00:00,19.7343,21.6,19.22,20.14,5184202.654636
2021-02-05 00:00:00,20.14,22.4408,19.4445,21.1938,4247023.675949
2021-02-06 00:00:00,21.1958,21.6864,19.201,19.2755,2506221.049601
2021-02-07 00:00:00,19.2831,19.6877,17.1,18.687,2393026.111364
2021-02-08 00:00:00,18.7112,20.2192,18.1452,19.3274,2181744.50301
2021-02-09 00:00:00,19.3327,19.9184,18.8874,19.5453,1879918.54314
2021-02-10 00:00:00,19.5311,22.45,19.5311,20.6903,3471475.067945
2021-02-11 00:00:00,20.6894,22.0,20.1573,21.4856,2345148.650161
2021-02-12 00:00:00,21.4943,23.86,21.2252,22.7095,3057273.585207
2021-02-13 00:00:00,22.713,23.5784,21.1909,21.8343,1907850.603039
2021-02-14 00:00:00,21.8279,22.65,20.7036,20.8615,1349832.96878
2021-02-15 00:00:00,20.8615,21.5439,17.1539,20.0943,2961122.267544
2021-02-16 00:00:00,20.1148,21.3,19.3813,20.4684,1522513.113254
2021-02-17 00:00:00,20.4855,21.8479,19.1605,21.5497,1491633.095802
2021-02-18 00:00:00,21.55,22.2696,20.581,21.1637,1448146.385188
2021-02-19 00:00:00,21.1829,21.5363,19.36,20.0653,1734604.499657
2021-02-20 00:00:00,20.0648,33.0,19.5241,28.7552,11409515.83152
2021-02-21 00:00:00,28.747,32.119,27.8162,28.8088,4420566.487728
2021-02-22 00:00:00,28.823,29.1463,21.84,27.7025,4677184.89233
2021-02-23 00:00:00,27.675,27.7581,18.2,24.8301,6645575.856982
2021-02-24 00:00:00,24.8424,27.3738,23.1056,25.2638,3563382.107252
2021-02-25 00:00:00,25.2638,26.9439,23.1001,23.5127,1772848.992191
2021-02-26 00:00:00,23.4899,25.2281,21.0077,23.1103,2402020.81819
2021-02-27 00:00:00,23.117,24.8262,22.3372,23.5813,1397670.014261
2021-02-28 00:00:00,23.5722,24.166,20.5,22.264,2298748.675031
2021-03-01 00:00:00,22.2639,25.7575,22.1021,25.7131,1338336.161899
2021-03-02 00:00:00,25.7272,27.4579,24.5317,25.5477,2318198.472245
2021-03-03 00:00:00,25.5585,27.609,25.2781,25.35,1368457.393237
2021-03-04 00:00:00,25.3644,29.7779,24.75,28.2354,3928340.145291
2021-03-05 00:00:00,28.234,28.7839,25.8101,28.3046,2676007.035733
2021-03-06 00:00:00,28.3046,29.0,27.18,28.5293,891026.840119
2021-03-07 00:00:00,28.5421,34.9255,28.5124,34.2736,3049723.233493
2021-03-08 00:00:00,34.277,34.9312,32.074,33.2371,1774180.284193
2021-03-09 00:00:00,33.2476,34.7733,32.3535,32.8789,1829560.459571
2021-03-10 00:00:00,32.8779,33.49,30.2632,30.8942,1297671.272403
2021-03-11 00:00:00,30.9153,31.8372,29.4914,31.0093,1134491.751609
2021-03-12 00:00:00,31.0262,31.9314,29.2077,30.8939,754249.210765
2021-03-13 00:00:00,30.9032,33.28,30.1602,32.4643,865112.91787
2021-03-14 00:00:00,32.4626,33.746,30.65,30.6529,584492.251293
2021-03-15 00:00:00,30.6733,31.5086,29.5565,29.8061,753802.183416
2021-03-16 00:00:00,29.8188,30.063,27.8689,30.0538,685051.512273
2021-03-17 00:00:00,30.0501,31.6836,29.4615,31.3152,938078.120985
2021-03-18 00:00:00,31.3337,31.6096,29.733,29.9991,654238.534472
2021-03-19 00:00:00,30.0022,34.1972,29.4564,33.254,1197587.498953
2021-03-20 00:00:00,33.2521,35.1589,31.8666,32.0266,1141677.863421
2021-03-21 00:00:00,32.0512,33.3339,31.5119,32.9426,538689.093928
2021-03-22 00:00:00,32.9426,35.8438,31.8,32.8501,1741472.939008
2021-03-23 00:00:00,32.8519,36.833,30.2497,31.0053,3883805.086492
2021-03-24 00:00:00,31.0057,31.8885,25.6144,27.2393,2997120.859829
2021-03-25 00:00:00,27.2392,28.0258,25.5846,26.5198,2866642.548732
2021-03-26 00:00:00,26.5,29.0374,26.4772,28.9103,1241587.28022
2021-03-27 00:00:00,28.913,29.4936,27.812,28.1708,1042781.260515
2021-03-28 00:00:00,28.1849,28.9,27.3513,27.8627,678256.170227
2021-03-29 00:00:00,27.8714,29.49,27.5,29.0171,864896.841469
2021-03-30 00:00:00,29.0171,29.2893,28.1641,28.543,876759.995922
2021-03-31 00:00:00,28.549,29.0202,26.6698,28.0773,1050619.72126
2021-04-01 00:00:00,28.0773,30.2719,28.0773,28.666,1002790.041504
2021-04-02 00:00:00,28.666,30.301,28.6,30.2174,794229.301122
2021-04-03 00:00:00,30.1972,32.4264,29.3504,29.376,1146402.42342
2021-04-04 00:00:00,29.3977,31.5001,28.9775,30.9282,607939.366626
2021-04-05 00:00:00,30.9399,31.2313,29.6935,30.865,630170.31883
2021-04-06 00:00:00,30.8684,32.3949,30.1133,31.2496,817610.365114
2021-04-07 00:00:00,31.2496,31.4096,27.8058,28.5546,852689.92002
2021-04-08 00:00:00,28.5724,30.6462,28.3265,30.206,660013.943675
2021-04-09 00:00:00,30.2058,30.5807,29.3125,29.5322,418812.532654
2021-04-10 00:00:00,29.5307,30.801,29.1796,29.7501,489915.48978
2021-04-11 00:00:00,29.7749,30.63,29.2069,29.9059,518568.834578
2021-04-12 00:00:00,29.9128,38.0911,29.5292,36.7001,2788295.142939
2021-04-13 00:00:00,36.7001,37.1236,34.1301,35.4266,1450201.529993
2021-04-14 00:00:00,35.4299,36.84,33.2502,36.037,1295526.798966
2021-04-15 00:00:00,36.0673,39.5364,35.5787,37.768,1176101.732886
2021-04-16 00:00:00,37.7736,38.2361,34.3037,36.2071,1118253.832297
2021-04-17 00:00:00,36.2034,37.5586,34.6801,34.7684,633366.330355
2021-04-18 00:00:00,34.7702,35.1327,27.25,31.7109,2477405.665699
2021-04-19 00:00:00,31.7037,32.716,29.485,31.381,961171.28752
2021-04-20 00:00:00,31.3793,32.28,28.2898,31.9838,1143405.105752
2021-04-21 00:00:00,31.9772,36.5263,30.56,33.404,1602238.885404
2021-04-22 00:00:00,33.447,38.4482,32.6901,33.9642,2897453.362012
2021-04-23 00:00:00,33.9501,34.8861,29.5368,33.0023,2055949.536697
2021-04-24 00:00:00,33.0023,33.0148,30.0,30.1914,642251.305523
2021-04-25 00:00:00,30.2319,34.8626,30.0317,34.3872,1379466.791562
2021-04-26 00:00:00,34.3832,38.5276,34.1447,38.1899,1584561.685366
2021-04-27 00:00:00,38.2107,40.6564,37.3577,39.6709,1199676.243518
2021-04-28 00:00:00,39.6662,42.98,37.8193,42.8911,1671920.895989
2021-04-29 00:00:00,42.9034,43.9473,39.5366,41.0919,975593.553639
2021-04-30 00:00:00,41.0863,41.4001,39.1121,40.6781,990465.606622
2021-05-01 00:00:00,40.672,41.3224,39.2435,40.3521,743966.048233
2021-05-02 00:00:00,40.3521,43.3037,39.3181,42.6666,1127264.702725
2021-05-03 00:00:00,42.6529,45.0239,41.2121,42.3508,1520377.850849
2021-05-04 00:00:00,42.3267,44.64,39.7,43.1305,2138536.619655
2021-05-05 00:00:00,43.1254,44.9265,41.5141,42.4676,1763869.145138
2021-05-06 00:00:00,42.4781,42.5889,39.9014,40.2343,1487792.030857
2021-05-07 00:00:00,40.2489,41.25,38.0689,39.7486,1188412.411947
2021-05-08 00:00:00,39.7607,41.2996,39.2217,40.5791,863600.811807
2021-05-09 00:00:00,40.5688,40.7575,38.11,39.4614,928542.893278
2021-05-10 00:00:00,39.4828,41.2294,33.56,36.4121,1517326.507329
2021-05-11 00:00:00,36.3988,38.5938,35.4748,38.587,931460.769682
2021-05-12 00:00:00,38.5645,44.0495,35.8701,37.0508,2479827.447147
2021-05-13 00:00:00,37.0512,40.3566,34.1,37.3176,2579975.967869
2021-05-14 00:00:00,37.3215,40.9364,37.1029,40.4393,694675.654538
2021-05-15 00:00:00,40.4548,42.4117,36.5363,36.537,1044297.039081
2021-05-16 00:00:00,36.6282,39.4295,34.5,36.6235,813942.039133
2021-05-17 00:00:00,36.619,36.619,31.7502,33.2527,1488426.359703
2021-05-18 00:00:00,33.2895,36.654,33.0008,35.0301,1114966.47047
2021-05-19 00:00:00,35.0105,35.5409,16.5,23.352,4243457.208445
2021-05-20 00:00:00,23.3723,28.5736,20.1,26.4352,2698211.344272
2021-05-21 00:00:00,26.3884,28.0873,18.86,21.9855,2706133.127336
2021-05-22 00:00:00,21.9637,22.4266,18.4106,20.3746,2412690.69471
2021-05-23 00:00:00,20.3776,21.3068,13.0117,16.7319,4847579.02718
2021-05-24 00:00:00,16.7428,25.2228,16.4625,24.707,4567049.146445
2021-05-25 00:00:00,24.7155,26.7533,21.5607,25.145,3415196.018283
2021-05-26 00:00:00,25.1494,29.4512,24.5726,29.44,3132767.219141
2021-05-27 00:00:00,29.44,30.0,26.1591,28.5568,2084240.674209
2021-05-28 00:00:00,28.5568,29.4249,24.9181,25.867,2895809.611731
2021-05-29 00:00:00,25.8827,27.5314,21.829,23.1772,2605699.940368
2021-05-30 00:00:00,23.1964,26.5893,21.7127,25.7134,1640476.793856
2021-05-31 00:00:00,25.6849,28.453,23.4793,28.2615,2629129.949375
2021-06-01 00:00:00,28.2458,29.8128,25.9626,27.404,2376004.412947
2021-06-02 00:00:00,27.4154,28.79,26.3351,27.6067,781304.286441
2021-06-03 00:00:00,27.6078,29.3864,26.9,28.681,841521.618415
2021-06-04 00:00:00,28.6788,28.6881,25.0136,26.4231,1394458.106259
2021-06-05 00:00:00,26.4237,27.6848,25.1635,25.641,1039225.58247
2021-06-06 00:00:00,25.641,26.4747,25.3724,25.8726,354053.152941
2021-06-07 00:00:00,25.8726,27.3445,23.9602,24.2865,731938.377967
2021-06-08 00:00:00,24.249,24.6401,20.7086,23.424,1462527.388017
2021-06-09 00:00:00,23.424,25.2358,22.2187,25.1168,1013585.467187
2021-06-10 00:00:00,25.1167,25.2706,23.0837,23.5774,416525.29918
2021-06-11 00:00:00,23.5818,23.8608,21.308,21.8289,482267.842634
2021-06-12 00:00:00,21.8225,21.9657,20.2591,21.2774,577419.256469
2021-06-13 00:00:00,21.3132,23.6111,20.464,23.2702,663330.308926
2021-06-14 00:00:00,23.2623,24.199,22.5138,24.1616,608126.544985
2021-06-15 00:00:00,24.1629,24.6802,23.1385,23.4157,361857.230083
2021-06-16 00:00:00,23.4158,23.5418,21.6433,21.8091,495526.773392
2021-06-17 00:00:00,21.8008,22.9356,21.42,22.1783,335581.972301
2021-06-18 00:00:00,22.1731,22.2584,19.5645,20.3982,454778.470873
2021-06-19 00:00:00,20.399,20.9804,19.77,19.77,233069.584853
2021-06-20 00:00:00,19.7718,21.0092,18.6387,20.6957,450652.518472
2021-06-21 00:00:00,20.7063,20.8625,15.752,15.7983,1477274.7947
2021-06-22 00:00:00,15.7928,17.1283,13.9048,16.4223,2254372.174333
2021-06-23 00:00:00,16.4035,18.4992,15.7954,17.8106,1026570.202983
2021-06-24 00:00:00,17.8174,18.5578,16.6137,18.1004,539356.198768
2021-06-25 00:00:00,18.0962,18.3264,15.6927,15.8273,882069.901904
2021-06-26 00:00:00,15.8305,16.4595,15.1177,16.1248,475333.290722
2021-06-27 00:00:00,16.1278,17.1043,15.6322,17.1043,354694.219975
2021-06-28 00:00:00,17.1043,18.1362,16.8687,17.7312,414625.170832
2021-06-29 00:00:00,17.7339,19.2094,17.6553,18.6452,415311.06581
2021-06-30 00:00:00,18.6296,19.3044,17.1606,19.2801,620844.33977
2021-07-01 00:00:00,19.2857,19.2857,17.5579,17.7939,722750.016278
2021-07-02 00:00:00,17.7857,18.2639,16.9368,18.2388,326912.193929
2021-07-03 00:00:00,18.2455,19.5421,17.7982,19.4682,382696.54874
2021-07-04 00:00:00,19.473,21.4876,18.9501,20.7665,938151.824095
2021-07-05 00:00:00,20.7582,20.8876,19.1348,20.0773,673982.57506
2021-07-06 00:00:00,20.0701,23.1817,20.0595,22.3731,2156617.297308
2021-07-07 00:00:00,22.3552,23.4498,21.68,22.2768,558043.64786
2021-07-08 00:00:00,22.2695,22.3332,19.97,20.3516,556599.475192
2021-07-09 00:00:00,20.3467,21.5981,19.7712,20.9815,619962.867559
2021-07-10 00:00:00,20.9805,21.5087,19.94,20.269,258874.69492
2021-07-11 00:00:00,20.2555,20.9281,19.9954,20.6975,200409.638584
2021-07-12 00:00:00,20.6987,21.4038,19.1915,19.5288,674673.435118
2021-07-13 00:00:00,19.5331,19.726,18.1336,18.4867,535061.26164
2021-07-14 00:00:00,18.494,18.5374,16.7569,17.8921,937908.164561
2021-07-15 00:00:00,17.8921,18.3855,16.8041,17.0505,554517.535942
2021-07-16 00:00:00,17.0647,17.5908,15.9297,16.3449,516547.275849
2021-07-17 00:00:00,16.3606,16.7315,15.9491,16.1085,297797.311875
2021-07-18 00:00:00,16.1116,17.1722,16.0362,16.3096,278674.863566
2021-07-19 00:00:00,16.3089,16.7789,15.4052,15.7385,670108.122472
2021-07-20 00:00:00,15.7404,15.9692,14.4033,14.5585,1517518.823204
2021-07-21 00:00:00,14.5593,16.877,14.02,16.7296,801143.026103
2021-07-22 00:00:00,16.735,17.6202,16.0793,17.5854,738895.894807
2021-07-23 00:00:00,17.5854,18.696,16.9463,18.5978,769097.006521
2021-07-24 00:00:00,18.6056,18.9452,18.0387,18.2573,525384.522422
2021-07-25 00:00:00,18.2681,18.452,17.2577,18.2936,512393.905971
2021-07-26 00:00:00,18.2806,20.3128,18.1898,18.5299,1163690.621439
2021-07-27 00:00:00,18.5097,19.2524,17.7239,18.8979,665488.545208
2021-07-28 00:00:00,18.8998,19.4577,18.5355,19.0547,734198.260073
2021-07-29 00:00:00,19.0693,19.8022,18.6215,19.5899,570913.532004
2021-07-30 00:00:00,19.5888,21.0525,19.3813,20.9374,1279384.680772
2021-07-31 00:00:00,20.9384,21.9678,20.7061,21.7652,589050.587442
2021-08-01 00:00:00,21.7811,23.2205,21.5713,21.9968,817724.489962
2021-08-02 00:00:00,21.9729,23.0983,21.41,22.363,669466.173384
2021-08-03 00:00:00,22.369,22.7412,20.6807,21.3267,651567.680589
2021-08-04 00:00:00,21.3308,23.7317,20.7677,23.5377,945875.097404
2021-08-05 00:00:00,23.5213,25.5733,22.08,25.4543,938314.031476
2021-08-06 00:00:00,25.4413,26.9574,24.5488,26.1794,842245.5792
2021-08-07 00:00:00,26.1966,29.0255,25.8211,28.3322,956108.34763
2021-08-08 00:00:00,28.3281,28.722,25.9779,26.72,757733.925608
2021-08-09 00:00:00,26.7239,28.7948,25.3967,28.3578,723104.887982
2021-08-10 00:00:00,28.3579,30.2308,28.19,28.7687,946391.046641
2021-08-11 00:00:00,28.7701,30.4202,28.7268,28.989,760435.106881
2021-08-12 00:00:00,28.9625,29.9114,26.866,28.1246,831106.950717
2021-08-13 00:00:00,28.1231,30.6227,27.8506,30.5039,885116.284752
2021-08-14 00:00:00,30.5247,30.6611,28.7353,30.1454,735194.342226
2021-08-15 00:00:00,30.1441,30.479,28.2969,30.2795,410729.311831
2021-08-16 00:00:00,30.2979,31.2618,29.0114,29.0762,751831.832269
2021-08-17 00:00:00,29.0595,30.8149,25.8759,26.3942,1414357.728433
2021-08-18 00:00:00,26.4061,27.3797,25.45,26.3063,1213441.482894
2021-08-19 00:00:00,26.3063,27.98,25.3002,27.9786,886891.256322
2021-08-20 00:00:00,27.9794,29.3335,27.5161,28.8726,674052.675307
2021-08-21 00:00:00,28.8938,29.7361,28.2078,28.2509,518172.992022
2021-08-22 00:00:00,28.2491,29.2004,27.1997,28.4232,523102.35589
2021-08-23 00:00:00,28.4234,29.658,28.39,28.8082,436078.882993
2021-08-24 00:00:00,28.8023,29.2409,26.516,26.6335,599203.329877
2021-08-25 00:00:00,26.5945,27.4506,25.6997,27.0715,578461.268293
2021-08-26 00:00:00,27.0623,27.6678,25.024,25.5302,669479.950429
2021-08-27 00:00:00,25.528,27.4927,25.0315,27.4246,573847.93856
2021-08-28 00:00:00,27.437,27.6149,26.65,26.8274,298256.396245
2021-08-29 00:00:00,26.8483,27.683,26.1954,26.7985,572073.629785
2021-08-30 00:00:00,26.804,28.2294,25.5822,26.8283,929503.303384
2021-08-31 00:00:00,26.8357,29.7353,26.1758,29.3959,2075097.898275
2021-09-01 00:00:00,29.3718,31.4172,28.7159,31.3669,1792424.009727
2021-09-02 00:00:00,31.3669,31.4269,29.519,29.9413,954693.2852
2021-09-03 00:00:00,29.9318,31.2077,28.3149,28.6593,1782976.453371
2021-09-04 00:00:00,28.6634,29.4779,28.2162,28.5789,733387.934374
2021-09-05 00:00:00,28.5806,29.5096,28.3537,29.3759,539653.369978
2021-09-06 00:00:00,29.3774,30.3251,28.4045,28.8434,979733.345698
2021-09-07 00:00:00,28.8434,29.3309,20.825,24.3113,2316860.686893
2021-09-08 00:00:00,24.3397,24.9884,21.3671,23.1468,1689014.354047
2021-09-09 00:00:00,23.1599,24.7243,22.7335,23.2851,1375193.752893
2021-09-10 00:00:00,23.3262,24.2459,21.4068,22.3286,1332713.614197
2021-09-11 00:00:00,22.2994,23.8947,22.2549,22.7396,571112.89616
2021-09-12 00:00:00,22.7234,24.2587,22.16,23.7246,805199.928132
2021-09-13 00:00:00,23.7234,24.0415,21.3987,22.6597,1003905.748413
2021-09-14 00:00:00,22.671,25.9168,22.4866,25.6737,1024805.585326
2021-09-15 00:00:00,25.67,27.4783,24.7096,27.4731,1079744.283676
2021-09-16 00:00:00,27.4716,27.6164,25.3846,26.2444,1503872.096817
2021-09-17 00:00:00,26.2485,26.3955,23.99,24.3316,1284939.807676
2021-09-18 00:00:00,24.3362,25.2015,23.942,24.5432,410200.251789
2021-09-19 00:00:00,24.544,24.6471,23.5001,23.8949,351016.168332
2021-09-20 00:00:00,23.8978,23.9857,20.46,20.9039,1388149.659132
2021-09-21 00:00:00,20.9065,21.6363,18.3416,19.0497,1258389.493095
2021-09-22 00:00:00,19.0614,21.6594,18.8444,21.6329,1321330.722624
2021-09-23 00:00:00,21.618,21.8441,20.8945,21.4994,723759.622405
2021-09-24 00:00:00,21.4995,21.6419,18.1865,19.6567,1607734.080097
2021-09-25 00:00:00,19.6591,20.11,18.96,19.467,735153.860012
2021-09-26 00:00:00,19.4869,24.8156,17.5258,24.0475,3216748.063907
2021-09-27 00:00:00,24.0332,26.0267,22.2738,22.3949,1971093.531797
2021-09-28 00:00:00,22.3898,24.9842,22.15,23.0788,3545456.224183
2021-09-29 00:00:00,23.06,24.3008,22.3272,23.0019,2380991.233001
2021-09-30 00:00:00,23.012,23.9494,22.631,23.5281,1610687.626885
2021-10-01 00:00:00,23.529,25.823,23.4725,25.6453,1802255.170777
2021-10-02 00:00:00,25.6425,27.2376,25.3773,26.123,1354614.51682
2021-10-03 00:00:00,26.132,26.6261,25.6563,26.0389,679569.498741
2021-10-04 00:00:00,26.0428,26.0449,24.2648,25.3464,1044491.336203
2021-10-05 00:00:00,25.3509,25.9067,24.58,25.6411,1248140.528665
2021-10-06 00:00:00,25.657,26.0704,23.8,25.2599,1104503.473466
2021-10-07 00:00:00,25.2606,26.3222,24.4823,25.536,1004353.049549
2021-10-08 00:00:00,25.5374,26.1144,24.63,24.7633,901395.913407
2021-10-09 00:00:00,24.7876,25.6892,24.5274,25.1523,790593.635196
2021-10-10 00:00:00,25.1536,26.0131,24.0952,24.1543,796708.183062
2021-10-11 00:00:00,24.1527,25.0855,23.5142,24.1669,859694.706512
2021-10-12 00:00:00,24.1688,24.1692,22.3061,23.4691,1015670.107159
2021-10-13 00:00:00,23.4571,25.7461,23.16,24.6794,1334637.382829
2021-10-14 00:00:00,24.6972,26.4724,24.5399,26.4444,1165085.636647
2021-10-15 00:00:00,26.4413,26.8403,25.375,25.8824,1145248.716711
2021-10-16 00:00:00,25.88,27.9454,25.7462,27.0695,918617.949667
2021-10-17 00:00:00,27.0657,27.1272,25.043,25.9206,707170.593028
2021-10-18 00:00:00,25.9229,26.2453,24.8712,25.6672,691928.586955
2021-10-19 00:00:00,25.656,26.3095,25.2469,26.0311,547653.136915
2021-10-20 00:00:00,26.0311,27.1475,25.5077,27.1322,627222.884941
2021-10-21 00:00:00,27.1353,27.7518,25.7394,26.1109,920009.554246
2021-10-22 00:00:00,26.0973,26.85,25.326,25.6434,496885.227067
2021-10-23 00:00:00,25.6304,26.8901,25.2642,26.8581,573027.729909
2021-10-24 00:00:00,26.8514,27.2323,25.3436,25.823,532093.79452
2021-10-25 00:00:00,25.823,26.7527,25.6926,26.7515,576606.873003
2021-10-26 00:00:00,26.7536,28.2659,26.1331,26.564,1411200.273052
2021-10-27 00:00:00,26.5582,28.2914,23.5824,24.1892,1931960.34567
2021-10-28 00:00:00,24.1707,25.3842,23.9187,24.9087,1100710.116865
2021-10-29 00:00:00,24.9052,25.82,24.6526,25.5418,1103932.925975
2021-10-30 00:00:00,25.5435,25.5974,24.4216,24.9333,610740.784395
2021-10-31 00:00:00,24.9287,25.2842,24.0155,25.0181,682587.098016
2021-11-01 00:00:00,25.0235,26.4744,24.1685,25.6103,931375.502973
2021-11-02 00:00:00,25.6261,26.3259,25.1571,26.174,604398.569121
2021-11-03 00:00:00,26.1918,27.0888,25.365,26.9062,1227897.766948
2021-11-04 00:00:00,26.8951,27.4652,25.2614,25.7672,851904.777628
2021-11-05 00:00:00,25.7455,26.1043,25.2799,25.5901,662233.070777
2021-11-06 00:00:00,25.5913,25.8085,24.45,25.1848,500570.599142
2021-11-07 00:00:00,25.1848,25.5172,24.9871,25.344,292761.833132
2021-11-08 00:00:00,25.3412,26.4017,25.2383,26.2625,786870.289378
2021-11-09 00:00:00,26.2628,27.7865,25.8516,26.3587,1163271.276249
2021-11-10 00:00:00,26.3693,28.4728,24.1,25.2827,2239659.222894
2021-11-11 00:00:00,25.2763,26.1185,24.9142,25.3868,983666.430698
2021-11-12 00:00:00,25.3852,25.706,23.8909,24.5648,1380053.089264
2021-11-13 00:00:00,24.5616,24.8015,24.1779,24.671,457006.941676
2021-11-14 00:00:00,24.6654,25.0143,24.0213,24.571,422102.96652
2021-11-15 00:00:00,24.5813,24.983,23.7899,24.0046,731696.697696
2021-11-16 00:00:00,24.0009,24.0009,20.4054,21.7109,1964385.540536
2021-11-17 00:00:00,21.6979,21.9704,21.0613,21.8776,721422.314996
2021-11-18 00:00:00,21.8854,22.2536,19.6289,20.1017,1238837.003696
2021-11-19 00:00:00,20.0996,21.3373,19.7798,21.2211,872609.456823
2021-11-20 00:00:00,21.2238,22.056,20.62,22.056,472879.553402
2021-11-21 00:00:00,22.0532,22.1892,21.4012,21.6379,249282.348448
2021-11-22 00:00:00,21.6435,22.3204,20.7434,20.961,938546.118904
2021-11-23 00:00:00,20.9684,22.3405,20.7708,22.2202,558674.701103
2021-11-24 00:00:00,22.2301,22.249,20.55,20.8079,573844.363056
2021-11-25 00:00:00,20.8041,21.6559,20.5883,21.4017,492064.712548
2021-11-26 00:00:00,21.4107,21.4597,18.7347,19.2662,918961.814567
2021-11-27 00:00:00,19.2731,20.1579,19.2299,19.4682,411760.343564
2021-11-28 00:00:00,19.4573,20.2679,18.505,20.1288,707063.4499
2021-11-29 00:00:00,20.1329,20.4873,19.6658,20.2667,419216.854755
2021-11-30 00:00:00,20.2745,21.4796,19.578,21.2659,876521.861014
2021-12-01 00:00:00,21.266,22.3193,20.7784,20.9667,818306.035369
2021-12-02 00:00:00,20.9618,23.0561,20.5626,22.4303,1381142.503546
2021-12-03 00:00:00,22.4244,23.0359,19.4332,19.9871,1076658.480521
2021-12-04 00:00:00,19.956,20.0353,14.05,17.2209,2768122.707069
2021-12-05 00:00:00,17.1999,17.4999,15.9041,16.5404,1253241.198823
2021-12-06 00:00:00,16.5544,17.5158,15.1897,17.3086,1965490.369498
2021-12-07 00:00:00,17.3226,17.6791,16.9364,17.1493,1509979.683483
2021-12-08 00:00:00,17.1435,18.771,16.969,18.771,1842295.318096
2021-12-09 00:00:00,18.7604,18.7763,16.12,16.18,864420.89237
2021-12-10 00:00:00,16.22,16.54,15.11,15.16,1301855.914481
2021-12-11 00:00:00,15.15,16.75,14.9686,15.9,1006924.636426
2021-12-12 00:00:00,15.91,16.2,15.28,16.02,433514.099827
2021-12-13 00:00:00,16.01,16.1,13.75,14.15,942691.179456
2021-12-14 00:00:00,14.17,15.09,13.92,14.99,946907.225485
2021-12-15 00:00:00,14.99,15.52,14.17,15.21,673665.883085
2021-12-16 00:00:00,15.23,15.38,14.35,14.4,586170.705053
2021-12-17 00:00:00,14.4,15.09,13.68,15.0,834025.630737
2021-12-18 00:00:00,15.02,16.11,14.69,15.58,1044618.27402
2021-12-19 00:00:00,15.57,15.97,14.83,14.97,478004.252698
2021-12-20 00:00:00,14.97,15.17,13.98,14.52,565290.051556
2021-12-21 00:00:00,14.52,15.12,14.32,15.06,517452.502379
2021-12-22 00:00:00,15.06,16.55,14.97,16.21,756749.213204
2021-12-23 00:00:00,16.23,18.26,15.91,18.18,1396595.918618
2021-12-24 00:00:00,18.19,18.3,17.24,17.5,851278.978329
2021-12-25 00:00:00,17.49,17.84,17.09,17.49,361827.566936
2021-12-26 00:00:00,17.48,18.8,16.72,18.67,691032.828075
2021-12-27 00:00:00,18.67,20.1,18.55,19.11,1363520.92326
2021-12-28 00:00:00,19.12,19.92,17.76,18.4,1720150.882205
2021-12-29 00:00:00,18.39,19.49,16.87,17.13,1364157.499325
2021-12-30 00:00:00,17.12,17.91,16.71,17.78,687940.682537
2021-12-31 00:00:00,17.77,18.92,16.77,16.98,1684074.456223
2022-01-01 00:00:00,17.01,17.56,16.88,17.47,379103.914223
2022-01-02 00:00:00,17.47,18.52,17.05,18.41,556638.835202
2022-01-03 00:00:00,18.41,19.19,17.85,18.47,1054292.384308
2022-01-04 00:00:00,18.46,19.15,17.7,18.21,980763.775905
2022-01-05 00:00:00,18.2,19.87,16.3,17.11,1622901.954623
2022-01-06 00:00:00,17.11,17.26,16.08,17.06,1020748.881483
2022-01-07 00:00:00,17.06,17.16,15.21,15.75,860210.501009
2022-01-08 00:00:00,15.75,16.2,14.53,14.92,507307.620483
2022-01-09 00:00:00,14.92,16.31,14.82,15.8,442961.943265
2022-01-10 00:00:00,15.8,16.48,14.64,15.11,1049461.735333
2022-01-11 00:00:00,15.14,16.33,14.99,15.98,520892.653768
2022-01-12 00:00:00,15.97,16.62,15.97,16.3,399601.31978
2022-01-13 00:00:00,16.27,16.6,15.4,15.46,458175.999943
2022-01-14 00:00:00,15.47,15.96,15.15,15.86,329819.860443
2022-01-15 00:00:00,15.87,16.73,15.71,16.48,277453.739404
2022-01-16 00:00:00,16.48,18.2,16.3,17.86,862654.596429
2022-01-17 00:00:00,17.87,17.96,16.24,16.64,512590.574552
2022-01-18 00:00:00,16.65,17.71,15.63,15.99,779828.45766
2022-01-19 00:00:00,16.01,16.23,15.1,15.12,610905.923865
2022-01-20 00:00:00,15.12,16.18,14.38,14.49,491373.228416
2022-01-21 00:00:00,14.44,14.68,12.32,12.63,1210890.213053
2022-01-22 00:00:00,12.64,13.01,10.37,11.16,1500620.312726
2022-01-23 00:00:00,11.14,11.92,10.83,11.42,1097845.02121
2022-01-24 00:00:00,11.43,11.43,9.53,10.7,1820197.37894
2022-01-25 00:00:00,10.7,10.95,10.32,10.59,910875.112309
2022-01-26 00:00:00,10.59,11.78,10.36,10.58,1421131.971012
2022-01-27 00:00:00,10.59,10.92,9.89,10.32,1700112.646492
2022-01-28 00:00:00,10.31,10.74,9.86,10.68,1235932.462373
2022-01-29 00:00:00,10.66,11.24,10.58,11.16,1007328.409101
2022-01-30 00:00:00,11.16,11.45,10.64,10.82,1099991.987154
2022-01-31 00:00:00,10.82,11.89,10.3,11.77,1576769.330892
2022-02-01 00:00:00,11.77,11.88,11.01,11.11,1911408.151439
2022-02-02 00:00:00,11.12,11.37,10.39,10.53,1053551.872075
2022-02-03 00:00:00,10.52,10.59,9.97,10.39,1303476.986224
2022-02-04 00:00:00,10.41,11.21,10.33,11.18,1735829.060214
2022-02-05 00:00:00,11.18,12.02,11.12,11.26,1369668.223769
2022-02-06 00:00:00,11.28,11.73,11.02,11.7,985907.393353
2022-02-07 00:00:00,11.69,12.61,11.39,12.38,2487197.894326
2022-02-08 00:00:00,12.39,12.94,11.52,11.95,1505661.678665
2022-02-09 00:00:00,11.96,12.66,11.61,12.33,875105.293047
2022-02-10 00:00:00,12.34,12.36,11.36,11.41,950889.668324
2022-02-11 00:00:00,11.4,11.67,10.39,10.65,824848.501141
2022-02-12 00:00:00,10.64,10.98,10.41,10.63,696023.873253
2022-02-13 00:00:00,10.63,10.86,10.26,10.37,582728.310499
2022-02-14 00:00:00,10.37,10.72,10.11,10.63,549211.883642
2022-02-15 00:00:00,10.64,11.54,10.62,11.48,790997.297151
2022-02-16 00:00:00,11.49,11.55,10.78,11.22,824433.70703
2022-02-17 00:00:00,11.24,11.39,10.23,10.41,617987.533582
2022-02-18 00:00:00,10.41,10.7,10.05,10.15,602124.455966
2022-02-19 00:00:00,10.17,10.43,9.77,10.03,406192.619903
2022-02-20 00:00:00,10.03,10.06,9.19,9.36,655649.603694
2022-02-21 00:00:00,9.36,9.76,8.5,8.52,970777.847777
2022-02-22 00:00:00,8.52,8.98,8.14,8.86,1219727.244938
2022-02-23 00:00:00,8.87,9.46,8.72,8.75,712089.090768
2022-02-24 00:00:00,8.75,9.04,7.51,8.82,1879116.090351
2022-02-25 00:00:00,8.81,9.44,8.46,9.25,1086484.828331
2022-02-26 00:00:00,9.25,9.56,8.95,9.06,692806.043328
2022-02-27 00:00:00,9.07,10.16,8.65,9.77,1946838.712079
2022-02-28 00:00:00,9.77,10.55,9.36,10.53,2383956.837375
2022-03-01 00:00:00,10.54,10.83,10.03,10.37,1069512.860465
2022-03-02 00:00:00,10.35,10.6,9.96,10.05,790290.019242
2022-03-03 00:00:00,10.02,10.12,9.41,9.55,586519.566608
2022-03-04 00:00:00,9.55,9.57,8.67,8.8,1010164.902701
2022-03-05 00:00:00,8.81,9.15,8.67,9.0,306833.542737
2022-03-06 00:00:00,9.0,9.08,8.44,8.48,388697.761087
2022-03-07 00:00:00,8.47,8.79,8.11,8.3,469913.213137
2022-03-08 00:00:00,8.3,8.88,8.25,8.81,453233.316129
2022-03-09 00:00:00,8.81,9.47,8.76,9.22,631752.092396
2022-03-10 00:00:00,9.22,9.3,8.51,8.68,510532.710025
2022-03-11 00:00:00,8.67,9.06,8.37,8.51,589707.547421
2022-03-12 00:00:00,8.5,8.87,8.45,8.46,329742.579828
2022-03-13 00:00:00,8.46,8.75,8.13,8.2,502466.966996
2022-03-14 00:00:00,8.21,8.59,8.11,8.48,451667.322406
2022-03-15 00:00:00,8.48,8.8,8.14,8.72,415044.734462
2022-03-16 00:00:00,8.73,9.23,8.53,9.1,760740.34274
2022-03-17 00:00:00,9.1,9.41,9.02,9.23,643784.636221
2022-03-18 00:00:00,9.23,9.77,9.0,9.62,691330.246972
2022-03-19 00:00:00,9.63,9.96,9.55,9.74,870436.915402
2022-03-20 00:00:00,9.73,9.8,9.14,9.33,620027.175633
2022-03-21 00:00:00,9.33,9.62,9.18,9.35,646632.203528
2022-03-22 00:00:00,9.35,10.16,9.27,9.76,1098920.552206
2022-03-23 00:00:00,9.75,10.25,9.64,10.01,1121114.856095
2022-03-24 00:00:00,10.01,10.8,9.97,10.79,1379619.538357
2022-03-25 00:00:00,10.79,11.15,10.43,10.58,1149532.414007
2022-03-26 00:00:00,10.57,10.75,10.37,10.63,821967.615771
2022-03-27 00:00:00,10.63,11.44,10.48,11.4,774372.18623
2022-03-28 00:00:00,11.41,11.59,10.76,10.91,1410581.769831
2022-03-29 00:00:00,10.91,11.73,10.89,11.25,1496795.600162
2022-03-30 00:00:00,11.24,11.85,10.8,11.74,1838168.546688
2022-03-31 00:00:00,11.72,12.5,11.06,11.29,2343667.028949
2022-04-01 00:00:00,11.3,12.1,10.88,11.59,1278611.975524
2022-04-02 00:00:00,11.59,12.03,11.44,11.65,1424718.743573
2022-04-03 00:00:00,11.65,12.04,11.47,11.88,1147366.540855
2022-04-04 00:00:00,11.87,12.17,11.05,11.56,1277201.485081
2022-04-05 00:00:00,11.57,11.9,11.05,11.12,520290.792724
2022-04-06 00:00:00,11.11,11.11,9.92,9.95,946751.513888
2022-04-07 00:00:00,9.95,10.55,9.82,10.45,523601.229043
2022-04-08 00:00:00,10.44,10.55,9.62,9.74,1132309.285773
2022-04-09 00:00:00,9.73,10.09,9.72,10.06,462707.89061
2022-04-10 00:00:00,10.07,10.32,9.84,9.86,416029.576525
2022-04-11 00:00:00,9.86,9.89,8.9,8.98,807658.14486
2022-04-12 00:00:00,8.99,9.5,8.93,9.32,506763.301586
2022-04-13 00:00:00,9.32,9.73,9.26,9.66,546671.623326
2022-04-14 00:00:00,9.65,9.75,9.33,9.47,556550.533869
2022-04-15 00:00:00,9.47,9.97,9.44,9.78,361055.315458
2022-04-16 00:00:00,9.78,9.83,9.5,9.67,165182.01545
2022-04-17 00:00:00,9.68,9.72,9.19,9.25,219198.561551
2022-04-18 00:00:00,9.24,9.41,8.86,9.39,353385.353585
2022-04-19 00:00:00,9.39,9.63,9.21,9.54,294347.86949
2022-04-20 00:00:00,9.54,9.7,9.11,9.32,728296.650885
2022-04-21 00:00:00,9.32,9.72,8.62,8.85,766257.450224
2022-04-22 00:00:00,8.85,9.13,8.74,8.9,762092.677206
2022-04-23 00:00:00,8.92,9.22,8.84,8.92,322314.872689
2022-04-24 00:00:00,8.91,9.15,8.69,8.71,195625.571253
2022-04-25 00:00:00,8.73,8.78,8.17,8.74,387899.849142
2022-04-26 00:00:00,8.74,8.81,7.92,8.0,323479.970773
2022-04-27 00:00:00,8.01,8.41,7.98,8.23,304317.778916
2022-04-28 00:00:00,8.23,8.35,8.03,8.17,289711.786363
2022-04-29 00:00:00,8.17,8.23,7.51,7.61,484868.37358
2022-04-30 00:00:00,7.62,7.8,6.35,6.76,597918.953768
2022-05-01 00:00:00,6.76,7.24,6.57,7.12,669708.020511
2022-05-02 00:00:00,7.12,7.19,6.64,6.94,482634.702419
2022-05-03 00:00:00,6.94,7.13,6.7,6.86,696844.520448
2022-05-04 00:00:00,6.86,7.97,6.82,7.94,661177.858186
2022-05-05 00:00:00,7.94,8.1,6.97,7.34,612917.89129
2022-05-06 00:00:00,7.35,7.69,6.87,7.58,611206.555675
2022-05-07 00:00:00,7.58,7.65,6.98,7.17,589639.104913
2022-05-08 00:00:00,7.17,7.33,6.85,7.1,372814.460941
2022-05-09 00:00:00,7.1,7.22,5.9,5.95,957927.861088
2022-05-10 00:00:00,5.94,6.66,5.76,6.07,1211743.763667
2022-05-11 00:00:00,6.07,6.22,4.63,4.89,1835716.782292
2022-05-12 00:00:00,4.89,5.18,3.57,4.65,1365544.617288
2022-05-13 00:00:00,4.65,5.46,4.59,5.13,564417.775299
2022-05-14 00:00:00,5.13,5.37,4.71,5.17,459360.374187
2022-05-15 00:00:00,5.18,5.47,4.98,5.45,221403.41167
2022-05-16 00:00:00,5.44,5.44,4.89,5.06,267552.335535
2022-05-17 00:00:00,5.06,5.51,5.03,5.46,447161.288981
2022-05-18 00:00:00,5.46,5.55,4.85,4.89,429233.816794
2022-05-19 00:00:00,4.9,5.22,4.72,5.18,322013.172525
2022-05-20 00:00:00,5.18,5.52,4.92,5.09,513916.601052
2022-05-21 00:00:00,5.08,5.37,4.98,5.22,255636.984027
2022-05-22 00:00:00,5.23,5.55,5.12,5.49,332366.243514
2022-05-23 00:00:00,5.49,5.97,5.36,5.62,455429.066496
2022-05-24 00:00:00,5.62,5.82,5.27,5.59,702432.413598
2022-05-25 00:00:00,5.59,5.79,5.36,5.62,466740.592643
2022-05-26 00:00:00,5.62,5.77,4.77,4.94,656172.266126
2022-05-27 00:00:00,4.94,5.08,4.58,4.7,669262.333728
2022-05-28 00:00:00,4.7,5.02,4.61,4.98,254140.831567
2022-05-29 00:00:00,4.99,5.03,4.77,4.94,346527.111692
2022-05-30 00:00:00,4.94,5.69,4.88,5.66,598081.039964
2022-05-31 00:00:00,5.66,5.87,5.55,5.69,418022.072532
2022-06-01 00:00:00,5.68,5.81,5.1,5.13,415792.033727
2022-06-02 00:00:00,5.13,5.34,5.04,5.298,502642.481138
2022-06-03 00:00:00,5.298,5.337,4.96,5.067,520868.489168
2022-06-04 00:00:00,5.066,5.167,4.933,5.133,773182.265443
2022-06-05 00:00:00,5.136,5.223,4.915,5.084,720996.290882
2022-06-06 00:00:00,5.084,5.417,5.082,5.369,736175.594975
2022-06-07 00:00:00,5.371,5.419,4.933,5.211,1250767.148691
2022-06-08 00:00:00,5.213,5.323,5.027,5.08,1201598.6229
2022-06-09 00:00:00,5.079,5.352,5.023,5.199,632911.804694
2022-06-10 00:00:00,5.194,5.225,4.758,4.808,920531.800287
2022-06-11 00:00:00,4.813,4.961,4.327,4.385,1330789.589349
2022-06-12 00:00:00,4.384,4.47,4.045,4.054,1249243.154262
2022-06-13 00:00:00,4.053,4.128,3.443,3.662,3814149.303933
2022-06-14 00:00:00,3.662,3.926,3.353,3.857,1926702.011876
2022-06-15 00:00:00,3.861,4.432,3.38,4.415,2056527.295084
2022-06-16 00:00:00,4.419,4.461,3.748,3.829,1824314.035983
2022-06-17 00:00:00,3.831,4.005,3.789,3.931,900786.129858
2022-06-18 00:00:00,3.932,4.082,3.324,3.637,1865297.270506
2022-06-19 00:00:00,3.637,4.263,3.489,4.184,1433367.741494
2022-06-20 00:00:00,4.19,4.387,3.979,4.3,1342580.105703
2022-06-21 00:00:00,4.299,5.209,4.218,4.773,1925028.010348
2022-06-22 00:00:00,4.773,5.356,4.564,4.977,2716577.995499
2022-06-23 00:00:00,4.98,5.655,4.952,5.617,1304548.456528
2022-06-24 00:00:00,5.62,5.792,5.352,5.467,1179233.033871
2022-06-25 00:00:00,5.467,5.763,5.24,5.612,538408.97095
2022-06-26 00:00:00,5.617,6.077,5.465,5.592,710283.9494
2022-06-27 00:00:00,5.59,5.927,5.263,5.33,914118.226352
2022-06-28 00:00:00,5.334,5.481,4.849,4.917,941882.229273
2022-06-29 00:00:00,4.91,5.259,4.773,5.11,1107876.935193
2022-06-30 00:00:00,5.11,5.137,4.591,5.002,1063455.279918
2022-07-01 00:00:00,5.003,5.127,4.739,4.855,722415.078865
2022-07-02 00:00:00,4.857,5.075,4.715,4.91,593432.85709
2022-07-03 00:00:00,4.909,4.945,4.716,4.912,303234.755327
2022-07-04 00:00:00,4.912,5.348,4.723,5.345,591452.608197
2022-07-05 00:00:00,5.34,5.44,5.004,5.295,620690.720339
2022-07-06 00:00:00,5.297,5.493,5.185,5.348,744291.521454
2022-07-07 00:00:00,5.343,5.829,5.283,5.728,957397.178255
2022-07-08 00:00:00,5.729,5.963,5.519,5.791,768165.910846
2022-07-09 00:00:00,5.791,6.62,5.791,6.448,1051441.556973
2022-07-10 00:00:00,6.448,6.472,5.98,6.234,669871.236206
2022-07-11 00:00:00,6.237,6.261,5.231,5.561,1958808.704297
2022-07-12 00:00:00,5.56,5.877,5.442,5.528,1315517.511796
2022-07-13 00:00:00,5.531,6.238,5.234,6.118,1626269.523354
2022-07-14 00:00:00,6.114,7.107,6.024,7.013,3446856.544488
2022-07-15 00:00:00,7.014,7.252,6.721,6.781,1456817.694118
2022-07-16 00:00:00,6.78,7.697,6.67,7.375,1345646.967661
2022-07-17 00:00:00,7.371,7.47,6.867,6.946,828723.842431
2022-07-18 00:00:00,6.955,7.456,6.929,7.327,1127905.406564
2022-07-19 00:00:00,7.334,7.746,7.21,7.347,1645849.936299
2022-07-20 00:00:00,7.347,7.61,6.788,6.859,1269463.314516
2022-07-21 00:00:00,6.863,7.293,6.669,7.222,1132628.214411
2022-07-22 00:00:00,7.224,7.461,6.82,6.89,960184.122492
2022-07-23 00:00:00,6.888,7.218,6.643,6.965,733783.377351
2022-07-24 00:00:00,6.968,7.347,6.876,7.25,762851.533154
2022-07-25 00:00:00,7.25,7.521,6.813,7.047,2821408.469468
2022-07-26 00:00:00,7.045,7.058,6.218,6.655,1458831.564491
2022-07-27 00:00:00,6.657,8.198,6.506,8.035,2538414.386933
2022-07-28 00:00:00,8.038,9.84,7.963,9.275,3446715.441507
2022-07-29 00:00:00,9.281,9.405,8.61,9.085,2273328.862208
2022-07-30 00:00:00,9.084,9.174,8.498,8.78,1249120.619142
2022-07-31 00:00:00,8.776,9.146,8.327,8.327,1269281.863578
2022-08-01 00:00:00,8.332,8.577,8.055,8.365,1199737.447293
2022-08-02 00:00:00,8.359,8.68,7.815,8.248,1540146.88879
2022-08-03 00:00:00,8.261,9.393,8.037,8.907,1805606.138547
2022-08-04 00:00:00,8.911,9.128,8.535,8.819,1146900.979245
2022-08-05 00:00:00,8.82,9.269,8.787,8.972,1345923.577895
2022-08-06 00:00:00,8.966,9.146,8.726,8.78,696318.292883
2022-08-07 00:00:00,8.78,8.982,8.689,8.786,409850.832977
2022-08-08 00:00:00,8.783,9.283,8.73,8.784,1050603.821335
2022-08-09 00:00:00,8.789,8.865,8.076,8.439,1009669.322848
2022-08-10 00:00:00,8.439,9.439,8.193,9.224,1084117.881984
2022-08-11 00:00:00,9.224,9.611,8.866,8.964,1347738.66729
2022-08-12 00:00:00,8.964,9.255,8.52,9.21,1059124.943136
2022-08-13 00:00:00,9.21,9.349,8.913,8.984,750394.238228
2022-08-14 00:00:00,8.984,9.615,8.754,8.884,1229758.722963
2022-08-15 00:00:00,8.882,9.17,8.278,8.475,1445292.117915
2022-08-16 00:00:00,8.467,8.571,8.188,8.34,1458916.537844
2022-08-17 00:00:00,8.342,8.676,7.865,7.961,1502705.904218
2022-08-18 00:00:00,7.961,8.207,7.426,7.574,1545951.095833
2022-08-19 00:00:00,7.572,7.693,6.803,6.895,2384361.694756
2022-08-20 00:00:00,6.892,7.196,6.734,7.009,1080212.185959
2022-08-21 00:00:00,7.014,7.321,6.976,7.211,732377.849326
2022-08-22 00:00:00,7.209,7.343,6.621,6.983,1087082.489684
2022-08-23 00:00:00,6.985,7.209,6.75,7.109,968495.37511
2022-08-24 00:00:00,7.118,7.286,6.871,7.045,615772.708309
2022-08-25 00:00:00,7.048,7.249,6.925,7.023,914877.698724
2022-08-26 00:00:00,7.023,7.023,6.074,6.154,2085765.62122
2022-08-27 00:00:00,6.153,6.207,5.95,6.057,846571.181775
2022-08-28 00:00:00,6.055,6.109,5.704,5.739,874912.882679
2022-08-29 00:00:00,5.735,6.4,5.68,6.339,997257.151485
2022-08-30 00:00:00,6.34,6.457,5.94,6.174,1124325.735074
2022-08-31 00:00:00,6.175,6.421,6.1,6.145,1071932.420882
2022-09-01 00:00:00,6.146,6.365,5.957,6.315,726148.378611
2022-09-02 00:00:00,6.315,6.693,6.2,6.406,1009509.450849
2022-09-03 00:00:00,6.403,6.41,6.223,6.305,462078.462758
2022-09-04 00:00:00,6.305,6.52,6.229,6.488,800224.805466
2022-09-05 00:00:00,6.488,6.668,6.192,6.576,1139729.631845
2022-09-06 00:00:00,6.583,6.754,5.782,5.829,1561532.828583
2022-09-07 00:00:00,5.831,6.232,5.707,6.116,1101496.046339
2022-09-08 00:00:00,6.116,6.259,5.953,6.173,1121141.789468
2022-09-09 00:00:00,6.173,6.712,6.169,6.505,1518208.263982
2022-09-10 00:00:00,6.51,6.726,6.439,6.674,1395400.039134
2022-09-11 00:00:00,6.679,6.736,6.37,6.491,1058762.136298
2022-09-12 00:00:00,6.491,6.968,6.373,6.657,1524264.718657
2022-09-13 00:00:00,6.66,6.77,5.994,6.034,1276332.489922
2022-09-14 00:00:00,6.035,6.236,5.958,6.182,903371.752759
2022-09-15 00:00:00,6.182,6.238,5.775,5.884,1230001.765104
2022-09-16 00:00:00,5.887,5.933,5.659,5.824,612395.701098
2022-09-17 00:00:00,5.821,6.04,5.814,6.014,444370.373648
2022-09-18 00:00:00,6.012,6.048,5.344,5.466,500097.895367
2022-09-19 00:00:00,5.465,5.525,5.206,5.479,984340.582785
2022-09-20 00:00:00,5.479,5.554,5.271,5.294,695172.15641
2022-09-21 00:00:00,5.289,5.753,5.14,5.338,1145779.588644
2022-09-22 00:00:00,5.329,5.856,5.324,5.734,960186.930134
2022-09-23 00:00:00,5.735,5.988,5.7,5.913,1103783.51588
2022-09-24 00:00:00,5.914,6.051,5.764,5.793,565809.83535
2022-09-25 00:00:00,5.794,5.954,5.607,5.659,415812.253953
2022-09-26 00:00:00,5.656,5.99,5.552,5.924,925898.305091
2022-09-27 00:00:00,5.928,6.707,5.914,6.366,1873008.293144
2022-09-28 00:00:00,6.371,6.629,6.005,6.555,1423508.851724
2022-09-29 00:00:00,6.556,6.57,6.12,6.379,1187057.303156
2022-09-30 00:00:00,6.379,6.756,6.267,6.464,1463193.463595
2022-10-01 00:00:00,6.465,6.657,6.382,6.395,857473.909583
2022-10-02 00:00:00,6.394,6.526,6.168,6.259,904723.037741
2022-10-03 00:00:00,6.264,6.81,6.186,6.628,1597289.766233
2022-10-04 00:00:00,6.636,6.849,6.569,6.649,1279373.446049
2022-10-05 00:00:00,6.648,6.826,6.471,6.815,767460.67707
2022-10-06 00:00:00,6.815,7.0,6.726,6.877,1040750.780289
2022-10-07 00:00:00,6.88,7.081,6.68,6.79,1031107.612388
2022-10-08 00:00:00,6.79,6.842,6.429,6.511,328640.462444
2022-10-09 00:00:00,6.51,6.649,6.486,6.633,244073.656987
2022-10-10 00:00:00,6.631,6.72,6.21,6.391,527017.569917
2022-10-11 00:00:00,6.39,6.508,5.942,5.992,1097784.655322
2022-10-12 00:00:00,5.994,6.17,5.96,6.053,510373.426981
2022-10-13 00:00:00,6.047,6.213,5.39,6.15,1992911.573339
2022-10-14 00:00:00,6.15,6.53,6.093,6.285,1197362.667819
2022-10-15 00:00:00,6.285,6.336,5.991,6.044,436473.491
2022-10-16 00:00:00,6.042,6.167,5.969,6.097,385422.665677
2022-10-17 00:00:00,6.103,6.455,6.038,6.4,846708.401496
2022-10-18 00:00:00,6.403,6.663,6.213,6.524,1102564.477964
2022-10-19 00:00:00,6.523,6.77,6.386,6.566,1237112.862252
2022-10-20 00:00:00,6.567,6.588,6.012,6.091,1296165.224793
2022-10-21 00:00:00,6.089,6.167,5.821,6.04,1513613.405154
2022-10-22 00:00:00,6.044,6.157,5.98,6.09,409105.913341
2022-10-23 00:00:00,6.092,6.295,5.974,6.286,473028.998827
2022-10-24 00:00:00,6.287,6.363,6.068,6.14,492149.89114
2022-10-25 00:00:00,6.141,6.789,6.076,6.579,1293836.645351
2022-10-26 00:00:00,6.579,6.899,6.52,6.688,621192.639815
2022-10-27 00:00:00,6.688,7.209,6.674,6.799,1120826.673169
2022-10-28 00:00:00,6.801,6.981,6.512,6.85,1129714.021955
2022-10-29 00:00:00,6.857,7.229,6.713,7.097,817408.291805
2022-10-30 00:00:00,7.098,7.369,6.792,6.89,637238.663229
2022-10-31 00:00:00,6.891,7.122,6.704,6.959,782966.505952
2022-11-01 00:00:00,6.959,7.45,6.906,7.117,963444.335888
2022-11-02 00:00:00,7.117,7.374,6.834,7.087,1067081.39085
2022-11-03 00:00:00,7.082,7.405,6.887,6.92,960390.966718
2022-11-04 00:00:00,6.918,7.76,6.817,7.556,1326266.312113
2022-11-05 00:00:00,7.56,7.791,7.523,7.677,856697.698028
2022-11-06 00:00:00,7.678,7.766,7.051,7.061,692267.049608
2022-11-07 00:00:00,7.055,7.696,6.878,7.011,1270926.24291
2022-11-08 00:00:00,7.008,7.096,5.4,6.063,2998971.550264
2022-11-09 00:00:00,6.063,6.218,4.697,4.882,3741480.17057
2022-11-10 00:00:00,4.883,5.9,4.783,5.749,2536959.61832
2022-11-11 00:00:00,5.746,6.228,5.437,6.081,1881780.371802
2022-11-12 00:00:00,6.078,6.172,5.283,5.549,2093415.038142
2022-11-13 00:00:00,5.556,6.143,5.505,5.796,1621624.815656
2022-11-14 00:00:00,5.794,6.106,5.372,6.093,1526018.125234
2022-11-15 00:00:00,6.09,6.492,5.959,6.27,1597545.672498
2022-11-16 00:00:00,6.273,6.407,5.819,5.946,1317392.216237
2022-11-17 00:00:00,5.947,6.041,5.657,5.724,931952.834273
2022-11-18 00:00:00,5.724,6.047,5.716,5.841,1057957.74169
2022-11-19 00:00:00,5.841,5.869,5.651,5.751,779089.353222
2022-11-20 00:00:00,5.75,5.81,5.38,5.422,587707.380329
2022-11-21 00:00:00,5.427,5.465,5.072,5.182,1128966.757339
2022-11-22 00:00:00,5.179,5.383,4.947,5.304,1504946.092649
2022-11-23 00:00:00,5.305,5.575,5.245,5.479,1205481.473556
2022-11-24 00:00:00,5.481,5.585,5.38,5.448,1122377.275259
2022-11-25 00:00:00,5.448,5.511,5.289,5.407,632034.996356
2022-11-26 00:00:00,5.408,5.62,5.359,5.413,596010.911887
2022-11-27 00:00:00,5.413,5.618,5.382,5.393,523740.951288
2022-11-28 00:00:00,5.391,5.455,5.149,5.283,729933.147256
2022-11-29 00:00:00,5.282,5.532,5.25,5.452,548455.962213
2022-11-30 00:00:00,5.454,5.903,5.453,5.855,1473709.906619
2022-12-01 00:00:00,5.857,6.141,5.71,5.918,1708904.572117
2022-12-02 00:00:00,5.919,6.565,5.841,6.345,2252295.569132
2022-12-03 00:00:00,6.342,6.448,6.061,6.092,992911.828743
2022-12-04 00:00:00,6.094,6.301,6.094,6.261,617201.426185
2022-12-05 00:00:00,6.262,6.425,6.115,6.172,998817.974142
2022-12-06 00:00:00,6.173,6.24,6.043,6.184,798896.936228
2022-12-07 00:00:00,6.185,6.285,5.872,5.999,560917.197916
2022-12-08 00:00:00,6.001,6.232,5.92,6.185,294515.584207
2022-12-09 00:00:00,6.186,6.292,6.061,6.166,336650.689897
2022-12-10 00:00:00,6.165,6.221,6.06,6.08,193986.896895
2022-12-11 00:00:00,6.081,6.11,5.881,5.925,246066.537355
2022-12-12 00:00:00,5.924,5.976,5.747,5.928,458698.687826
2022-12-13 00:00:00,5.928,6.258,5.841,6.101,725971.814201
2022-12-14 00:00:00,6.101,6.179,5.903,5.913,561159.190025
2022-12-15 00:00:00,5.911,6.019,5.767,5.797,1069983.156448
2022-12-16 00:00:00,5.798,5.879,5.209,5.298,761545.031825
2022-12-17 00:00:00,5.295,5.441,5.241,5.383,273242.55126
2022-12-18 00:00:00,5.383,5.405,5.303,5.335,237665.705741
2022-12-19 00:00:00,5.336,5.426,5.002,5.092,611896.253363
2022-12-20 00:00:00,5.089,5.395,5.047,5.359,574948.339585
2022-12-21 00:00:00,5.359,5.366,5.2,5.319,545203.885689
2022-12-22 00:00:00,5.318,5.384,5.123,5.363,543880.007997
2022-12-23 00:00:00,5.364,5.4,5.23,5.262,485341.453275
2022-12-24 00:00:00,5.262,5.266,5.175,5.199,171226.3389
2022-12-25 00:00:00,5.199,5.237,5.049,5.158,186022.668694
2022-12-26 00:00:00,5.159,5.205,5.13,5.202,206410.688402
2022-12-27 00:00:00,5.203,5.323,5.09,5.19,379844.609506
2022-12-28 00:00:00,5.192,5.199,4.938,4.973,705892.757791
2022-12-29 00:00:00,4.973,5.136,4.941,5.046,833273.963009
2022-12-30 00:00:00,5.045,5.107,4.945,5.1,1103410.65968
2022-12-31 00:00:00,5.1,5.21,5.052,5.162,1046485.825534
2023-01-01 00:00:00,5.16,5.267,5.098,5.248,216186.925815
2023-01-02 00:00:00,5.249,5.465,5.175,5.372,613504.211096
2023-01-03 00:00:00,5.372,5.42,5.273,5.373,337349.664693
2023-01-04 00:00:00,5.373,5.596,5.358,5.527,1066798.328941
2023-01-05 00:00:00,5.528,5.558,5.328,5.374,512128.497961
2023-01-06 00:00:00,5.375,5.53,5.241,5.517,386620.024587
2023-01-07 00:00:00,5.518,5.56,5.392,5.416,148674.833191
2023-01-08 00:00:00,5.417,5.605,5.345,5.578,287384.691054
2023-01-09 00:00:00,5.575,5.968,5.562,5.785,815902.400801
2023-01-10 00:00:00,5.787,5.876,5.66,5.781,684028.942157
2023-01-11 00:00:00,5.78,5.959,5.605,5.917,920989.190167
2023-01-12 00:00:00,5.918,6.199,5.86,6.175,1472382.40954
2023-01-13 00:00:00,6.175,6.358,6.014,6.306,914454.241322
2023-01-14 00:00:00,6.305,6.961,6.291,6.627,1810652.065206
2023-01-15 00:00:00,6.629,6.683,6.392,6.595,1009133.133403
2023-01-16 00:00:00,6.596,6.742,6.287,6.534,1184508.886699
2023-01-17 00:00:00,6.54,6.649,6.319,6.346,779616.7181
2023-01-18 00:00:00,6.345,6.814,5.981,6.041,1315744.878858
2023-01-19 00:00:00,6.041,6.193,5.981,6.162,618257.511021
2023-01-20 00:00:00,6.162,6.704,6.074,6.673,348990.665204
2023-01-21 00:00:00,6.669,6.824,6.516,6.668,599050.420647
2023-01-22 00:00:00,6.668,7.109,6.606,6.894,761609.299063
2023-01-23 00:00:00,6.892,7.019,6.601,6.719,1132218.603687
2023-01-24 00:00:00,6.721,6.829,6.226,6.299,820776.920805
2023-01-25 00:00:00,6.296,6.706,6.097,6.599,777224.133755
2023-01-26 00:00:00,6.601,6.799,6.449,6.74,808286.622709
2023-01-27 00:00:00,6.739,6.88,6.561,6.874,584344.611237
2023-01-28 00:00:00,6.876,6.918,6.549,6.628,342939.482984
2023-01-29 00:00:00,6.629,6.988,6.558,6.924,421298.087065
2023-01-30 00:00:00,6.926,7.011,6.363,6.517,681539.243223
2023-01-31 00:00:00,6.513,6.649,6.435,6.557,390681.483041
2023-02-01 00:00:00,6.556,6.917,6.321,6.817,769890.069348
2023-02-02 00:00:00,6.819,7.531,6.803,7.115,1685946.050257
2023-02-03 00:00:00,7.117,7.289,6.923,7.058,1273989.522219
2023-02-04 00:00:00,7.057,7.353,7.008,7.203,705562.5314
2023-02-05 00:00:00,7.202,7.328,6.752,6.892,709830.379202
2023-02-06 00:00:00,6.897,6.977,6.596,6.649,835600.184581
2023-02-07 00:00:00,6.65,7.009,6.635,6.979,380379.718052
2023-02-08 00:00:00,6.982,7.063,6.58,6.82,864760.064996
2023-02-09 00:00:00,6.819,6.877,6.17,6.331,1687923.431651
2023-02-10 00:00:00,6.329,6.478,6.244,6.367,1051290.766096
2023-02-11 00:00:00,6.367,6.5,6.342,6.481,193912.835789
2023-02-12 00:00:00,6.484,6.561,6.3,6.344,203989.527088
2023-02-13 00:00:00,6.342,6.384,6.085,6.254,795926.418167
2023-02-14 00:00:00,6.25,6.597,6.227,6.594,1035239.192309
2023-02-15 00:00:00,6.595,6.945,6.51,6.929,961490.207056
2023-02-16 00:00:00,6.933,7.015,6.468,6.473,686012.40555
2023-02-17 00:00:00,6.477,6.827,6.441,6.737,724102.2036
2023-02-18 00:00:00,6.735,7.15,6.727,6.968,655356.201311
2023-02-19 00:00:00,6.966,7.613,6.959,7.21,637009.075284
2023-02-20 00:00:00,7.209,7.372,7.047,7.369,368611.10457
2023-02-21 00:00:00,7.376,7.439,6.885,7.038,470502.903793
2023-02-22 00:00:00,7.038,7.05,6.712,6.943,559012.36343
2023-02-23 00:00:00,6.943,7.051,6.818,6.946,218981.554431
2023-02-24 00:00:00,6.946,7.052,6.466,6.568,379785.385451
2023-02-25 00:00:00,6.569,6.618,6.272,6.471,549040.1275
2023-02-26 00:00:00,6.465,6.65,6.426,6.61,103363.067708
2023-02-27 00:00:00,6.606,6.646,6.373,6.438,185439.339942
2023-02-28 00:00:00,6.441,6.624,6.407,6.504,828895.346292
2023-03-01 00:00:00,6.504,6.87,6.475,6.843,596265.924963
2023-03-02 00:00:00,6.846,6.902,6.558,6.635,513962.482218
2023-03-03 00:00:00,6.633,6.644,6.1,6.275,482687.695801
2023-03-04 00:00:00,6.275,6.296,6.081,6.155,52482.190793
2023-03-05 00:00:00,6.159,6.39,6.128,6.354,548075.591234
2023-03-06 00:00:00,6.351,6.437,6.25,6.34,426438.432755
2023-03-07 00:00:00,6.336,6.48,6.267,6.44,903729.963904
2023-03-08 00:00:00,6.44,6.5,6.061,6.104,618907.178383
2023-03-09 00:00:00,6.106,6.197,5.614,5.733,314283.218948
2023-03-10 00:00:00,5.725,5.731,5.368,5.636,613602.686969
2023-03-11 00:00:00,5.637,5.856,5.276,5.474,633959.137224
2023-03-12 00:00:00,5.469,5.956,5.425,5.943,377755.731616
2023-03-13 00:00:00,5.942,6.24,5.814,6.121,1073839.343533
2023-03-14 00:00:00,6.117,6.62,6.018,6.335,637582.911636
2023-03-15 00:00:00,6.337,6.461,5.748,5.931,349401.37485
2023-03-16 00:00:00,5.933,6.009,5.805,5.913,268778.214851
2023-03-17 00:00:00,5.91,6.446,5.842,6.418,297190.191234
2023-03-18 00:00:00,6.427,6.64,6.313,6.527,645948.472595
2023-03-19 00:00:00,6.526,6.724,6.43,6.51,445530.360658
2023-03-20 00:00:00,6.512,6.591,6.174,6.203,368294.092944
2023-03-21 00:00:00,6.199,6.528,6.065,6.44,269312.748357
2023-03-22 00:00:00,6.445,6.465,5.922,6.089,521889.433725
2023-03-23 00:00:00,6.085,6.46,6.029,6.256,456766.384511
2023-03-24 00:00:00,6.259,6.296,5.815,5.892,411359.898955
2023-03-25 00:00:00,5.892,5.917,5.68,5.717,304970.652831
2023-03-26 00:00:00,5.717,5.872,5.687,5.791,211932.950128
2023-03-27 00:00:00,5.796,5.825,5.502,5.648,284933.204263
2023-03-28 00:00:00,5.647,5.893,5.578,5.821,199170.326369
2023-03-29 00:00:00,5.822,6.16,5.821,5.945,357525.637194
2023-03-30 00:00:00,5.945,6.069,5.83,5.898,208200.263115
2023-03-31 00:00:00,5.9,6.128,5.871,6.064,233937.275727
2023-04-01 00:00:00,6.068,6.196,6.023,6.096,274389.964841
2023-04-02 00:00:00,6.1,6.12,5.89,5.944,153617.66616
2023-04-03 00:00:00,5.947,6.082,5.822,5.932,355729.653183
2023-04-04 00:00:00,5.939,6.212,5.881,6.158,313732.450888
2023-04-05 00:00:00,6.159,6.345,6.132,6.231,300227.742745
2023-04-06 00:00:00,6.229,6.238,6.041,6.079,188358.01564
2023-04-07 00:00:00,6.083,6.1,5.953,6.01,187795.267229
2023-04-08 00:00:00,6.009,6.055,5.892,5.914,125443.660161
2023-04-09 00:00:00,5.914,5.958,5.824,5.92,511204.019529
2023-04-10 00:00:00,5.919,6.049,5.835,6.015,166904.74017
2023-04-11 00:00:00,6.025,6.095,5.916,5.945,272966.765465
2023-04-12 00:00:00,5.945,6.01,5.724,5.952,312914.160631
2023-04-13 00:00:00,5.95,6.25,5.902,6.217,613588.922294
2023-04-14 00:00:00,6.221,6.476,6.126,6.311,840726.756584
2023-04-15 00:00:00,6.312,6.37,6.227,6.272,358997.897553
2023-04-16 00:00:00,6.273,6.481,6.147,6.321,513413.092503
2023-04-17 00:00:00,6.32,6.329,6.074,6.155,363336.344309
